Feature,RMSE,MAE,MAPE,R2
F1,2.01865133355078,1.57930344244091,1.8574501196961,0.87979192252591
F2,0.527293416823245,0.442640460051344,0.520679053482543,0.994595570504011
F3,5.01545337086794,4.12210169415508,4.65648651652633,0.434482490758617
F4,0.791562630903118,0.476679912148739,0.584569985595075,0.986817611367209
F5,0.5189573036836,0.442522772016752,0.521720815090117,0.993456156528556
F6,0.578111392809653,0.463865188072026,0.55128551497334,0.992940682304468
